Date,DPZ,MKTX,AWK,NI,UNH,CTAS,EXPO,TDG,WDFC,FISV,HEI,CMS,NEE,TTC,JKHY,ORLY,ROL,AFG,POOL,AVGO
2019-01-31,-0.011432,0.035313,0.001811,-0.001022,-0.017233,-0.005774,0.001376,0.009954,-0.031103,0.03347,-0.03134,0.017258,0.011383,0.021354,-0.007424,-0.008622,0.007686,0.00791,0.004583,0.016858
2019-02-28,-0.006038,0.002006,0.042023,0.022251,0.003621,0.004178,0.012207,0.005205,-0.02667,0.013033,-0.002574,0.008145,0.018991,0.011267,0.003034,0.002828,-0.004916,0.015026,0.003177,-0.027963
2019-03-29,0.007173,-0.014388,0.022842,-0.00521,0.00076,0.019608,0.024062,-0.000422,0.01428,-0.006902,-0.007157,0.014508,-0.007092,-0.002877,0.018444,0.012538,0.033945,0.023869,0.003962,0.016148
2019-04-30,0.029966,-0.028651,-0.015474,0.013339,0.019785,-0.020721,0.000681,0.008754,0.004689,0.019291,0.028942,-0.011948,0.015539,0.014695,-0.012029,0.008669,0.008615,0.014135,-0.00182,0.007134
2019-05-31,-0.007817,0.019369,0.010435,-0.024282,-0.006908,-0.00451,0.015861,0.011917,0.008054,0.018132,0.010324,-0.005564,-0.016269,-0.001132,0.011603,-0.02902,-0.00132,0.022633,0.008438,0.000223
2019-06-28,-0.018129,-0.002608,0.011853,-0.018397,0.004316,0.007636,-0.005831,0.021589,0.020551,0.007524,-0.01515,-0.028903,0.013936,0.017087,-0.017441,0.011761,0.024658,-0.007686,-0.009833,0.022723
2019-07-31,0.014506,0.002254,-0.015383,0.038373,0.021024,0.012856,-0.00259,-0.024501,0.035055,0.037331,-0.001096,-0.006381,0.015505,0.016646,-0.020382,0.000802,0.063667,0.02023,0.010978,-0.002361
2019-08-30,0.015523,-0.006227,0.043666,-0.034052,0.021423,-0.034945,0.00567,0.018169,0.009532,0.001917,0.015757,0.034415,-0.012979,0.001089,-0.013764,0.011561,0.004938,0.012315,0.005348,0.026344
2019-09-30,0.004988,0.01151,-0.017677,0.030235,0.027204,0.029545,0.028307,0.006892,-0.023035,-0.009802,0.006968,0.001277,0.022795,0.010644,-0.027101,0.017164,0.001009,0.032551,0.024045,-0.025503
2019-10-31,0.019667,0.018369,0.027518,0.025557,0.007069,0.003463,0.016491,-0.041779,0.018687,0.002082,-0.003697,-0.000246,-0.016053,0.00242,0.031926,-0.041396,0.008243,0.00166,0.00364,0.033077
2019-11-29,-0.001572,0.020316,0.045915,0.012361,0.011706,-0.010381,-0.015411,0.022784,0.031766,0.000121,-0.027105,-0.019544,0.003838,0.035985,0.004997,0.006078,0.002773,0.01192,0.01876,0.032542
2019-12-31,0.022843,-0.0063,-0.020559,-0.013729,-0.004438,0.035096,0.011152,-0.006963,0.01762,0.02818,0.016041,0.020411,0.006089,0.019965,0.042119,0.025456,-0.008437,0.035748,0.043351,-0.02022
2020-01-31,0.008748,-0.008537,0.000634,-0.037601,-0.010899,0.017191,0.01557,0.032477,0.02281,-0.020893,0.069172,0.026581,0.044023,-0.020981,-0.032219,0.027827,0.004507,-0.031769,0.008514,-0.012528
2020-02-28,0.009835,-0.010038,-0.026762,0.009836,0.011319,-0.01014,0.00643,-0.000937,-0.002515,0.024251,0.011314,0.012604,0.023488,-0.001681,0.038796,0.004776,-0.006056,-0.007846,-0.000779,0.00241
2020-03-31,0.01223,0.037787,0.0211,0.02325,9.7e-05,0.016164,0.007889,0.03098,-0.010752,0.019229,-0.011732,0.023527,-0.03047,0.005539,-0.025627,0.013076,-0.005228,0.011857,0.007593,-0.029603
2020-04-30,-0.027945,0.044509,0.011895,0.018312,-0.02313,-0.004398,0.048042,0.003934,-0.0152,0.011593,0.019549,0.042699,-0.000856,0.005794,0.011122,-0.002282,-0.024722,-0.01621,0.006758,-0.002652
2020-05-29,7.5e-05,0.024242,0.00674,0.029663,0.016344,0.028182,0.038046,-0.009883,0.017802,0.006094,0.004858,-0.012119,0.013139,0.006488,0.006122,-0.008517,0.004763,0.006924,-0.059119,0.008228
2020-06-30,0.019922,0.00949,0.002369,0.02159,0.016104,0.028629,-0.019527,-0.005885,-0.03927,-0.019181,0.060669,0.010282,0.035969,0.044701,0.006739,0.021651,0.017613,0.011009,-0.007514,0.020806
2020-07-31,0.000271,0.001529,-0.006201,0.02612,0.034002,-0.008291,0.012812,0.029647,-0.00731,0.013113,0.00651,-0.018798,0.023315,-0.005972,0.038074,-0.0174,-0.018493,-0.034939,0.01807,-0.000922
2020-08-31,-0.011301,-0.004123,-0.015198,-0.044276,0.012901,0.001209,-0.024413,0.024434,0.024893,-0.003874,-0.012134,0.017552,0.009328,0.001867,0.014712,0.042418,0.005833,0.003013,0.040086,0.030182
2020-09-30,0.01043,0.006574,-0.019495,0.026886,0.030716,0.009836,-0.010759,-0.007466,0.040037,-0.002393,-0.005982,0.026828,0.030052,0.0282,-0.001579,0.024801,-0.007736,0.04591,0.002317,0.002392
2020-10-30,-0.011902,0.022828,-0.003541,-0.021647,0.020739,0.023032,-0.011697,0.008733,-0.007989,0.005522,0.011453,0.031039,-0.025135,0.001587,0.023839,0.032676,-0.006617,0.016127,0.009156,-0.03344
2020-11-30,0.004592,0.005175,-0.002424,0.027583,-0.027924,0.009579,0.000251,0.003114,-0.013919,0.023689,0.002321,0.023237,0.022367,0.021108,-0.009576,-0.001478,0.019472,-0.019597,0.044493,0.029929
